pair_id,location,rough_share_abs,which_min_wins,actual_error,adapt_predicted_sigma,expB_predicted_sigma,adapt_err_pp,expB_err_pp,diff_pp,contrib_gamma_roughness,z_A,z_B,x_rough,abs_total_contrib
2011WM011__2014WM011,Hultema,0.6826070128848062,z_B,0.0289643952345516,0.0674273384616904,0.0531069952899022,3.8462943227138795,2.4142600055350596,1.4320343171788201,0.5513713013161532,2.266719408616049,1.5898835052311673,1.5898835052311673,0.807743388082068
2014WM011__2011WM011,Hultema,0.6747997245101409,z_B,0.0374425661337556,0.065400432142093,0.0519035508169934,2.7957866008337398,1.4460984683237803,1.3496881325099594,0.5268950773408178,2.297601690294325,1.5193061199449929,1.5193061199449929,0.7808169716182205
2021PA013__2022PA020,Taaibos,0.5459502279494003,z_A,0.0149274456939521,0.011338357915482,0.0130113022569449,-0.35890877784701003,-0.19161434370072,-0.16729443414629006,-0.5873069795648181,-1.6935043174868396,-1.6379558964456973,-1.6935043174868396,1.0757518716875614
2022PA020__2021PA013,Taaibos,0.5452311416619922,z_A,0.0149237768838313,0.0113219879876359,0.0129948935961655,-0.3601788896195399,-0.19288832876658002,-0.16729056085295987,-0.5873069795648181,-1.6935043174868396,-1.6379558964456973,-1.6935043174868396,1.0771706432148556
2023PA001__2024PA020,Ukhanda,0.5166441022327016,z_A,0.0081706164240952,0.0395059890935504,0.0446132603911179,3.13353726694552,3.6442643967022694,-0.5107271297567495,-0.5873069795648181,-1.6935043174868396,-1.6379558964456973,-1.6935043174868396,1.136772832645807
2018PA014__2018PA006,Clermont en Argonne,0.5073412253759015,z_A,0.055757694786604,0.0382123285259473,0.0349954242971242,-1.7545366260656698,-2.07622704894798,0.3216904228823106,0.239842504024895,0.6915877560045018,0.7040260197882929,0.6915877560045018,0.4727439680211081
2024PA020__2023PA001,Ukhanda,0.504165227393202,z_A,0.0071583049674859,0.0397305212666298,0.0447742775753215,3.25722162991439,3.7615972607835597,-0.50437563086917,-0.5873069795648181,-1.6935043174868396,-1.6379558964456973,-1.6935043174868396,1.1649097312829417
2018PA006__2018PA014,Clermont en Argonne,0.44457537896123106,z_A,0.054552817655395,0.0364250661717511,0.0352620954152394,-1.81277514836439,-1.92907222401556,0.11629707565116998,0.1872700034141446,0.5399945349749206,0.742857091222271,0.5399945349749206,0.421233411197239
2024KA002__2024KA001,Kabbo,0.4227746436632242,z_A,0.0183045456358322,0.0386307681502772,0.0442450695083471,2.0326222514445003,2.5940523872514896,-0.5614301358069895,-0.5873069795648181,-1.6935043174868396,-1.6379558964456973,-1.6935043174868396,1.3891726676793272
2024KA001__2024KA002,Kabbo,0.42229431952636187,z_A,0.0184807562284069,0.0385812120157263,0.044172762361141,2.01004557873194,2.5692006132734106,-0.5591550345414704,-0.5873069795648181,-1.6935043174868396,-1.6379558964456973,-1.6935043174868396,1.3907527343098804
2023PA009__2022PA028,Zawidz,0.37558343533222804,z_A,0.002067611332162,0.011850099066837,0.0124728962956898,0.9782487734675,1.0405284963527799,-0.062279722885279915,-0.4390608276570647,-1.2660353667643112,-1.247208864038447,-1.2660353667643112,1.169010095636105
2022PA028__2023PA009,Zawidz,0.37504046968377225,z_A,0.0019004558827328,0.0118602976181099,0.0124575194058578,0.99598417353771,1.0557063523125,-0.05972217877479001,-0.4380654748700113,-1.26316525913585,-1.2524011688790864,-1.26316525913585,1.1680485448393894
2021PA009__2023PA003,Sundern,0.30120753639747766,z_B,0.0105317236405995,0.0040154165979592,0.0045844040700888,-0.65163070426403,-0.5947319570510701,-0.05689874721295993,-0.5317523945711724,0.7280646499201013,-1.5333122325696105,-1.5333122325696105,1.7654020245677537
2024PA049__2023PA032,Pelczyce,0.28749559340081765,z_A,0.0049925971212212,0.0307694303561314,0.0431421226958297,2.5776833234910197,3.81495255746085,-1.23726923396983,-0.1695205208460089,-0.4888137617027074,0.6706885350761775,-0.4888137617027074,0.5896456319233684
2023PA032__2024PA049,Pelczyce,0.2845945052320411,z_A,0.005067036798209,0.0307404488815878,0.0430598630349757,2.56734120833788,3.7992826236766697,-1.23194141533879,-0.1680673485239605,-0.4846235278266094,0.6712164501690063,-0.4846235278266094,0.5905502229810395
2020PA013__2023VR137,Janneby,0.27888646454487115,z_B,0.0018267677603805,0.0055471918298974,0.0059381321593384,0.37204240695169,0.41113643989578996,-0.039094032944099986,-0.568042797569887,-1.005358260131545,-1.6379558964456973,-1.6379558964456973,2.0368245497209934
2023VR137__2020PA013,Janneby,0.2788846595895954,z_B,0.0018259747390347,0.0055471146198865,0.0059380665378342,0.37211398808518004,0.41120917987995,-0.039095191794769925,-0.568042797569887,-1.011489287838564,-1.6379558964456973,-1.6379558964456973,2.0368377321499667
2023PA031__2021PA007,Pyrzyce III,0.2201530365518961,z_A,0.0535838608737997,0.0341245794051505,0.0418646433807877,-1.9459281468649205,-1.1719217493012004,-0.7740063975637201,-0.1489964254599289,-0.429632370440181,0.2388957295899242,-0.429632370440181,0.6767856932321092
2012WM006__2017PA006,Malarberget,0.21624421081149017,z_B,0.0045638752324451,0.0232457118484491,0.0204757750071968,1.8681836616004002,1.59118997747517,0.2769936841252301,0.188401656469654,1.9181008682416691,0.5432576655047543,0.5432576655047543,0.8712448567415857
2021PA007__2023PA031,Pyrzyce III,0.21377037080884304,z_A,0.0511236256890393,0.0343692973294003,0.0416150651600082,-1.6754328359638997,-0.9508560529031096,-0.7245767830607902,-0.1432187187082482,-0.4129723073563159,0.2113006033097686,-0.4129723073563159,0.6699652443243256
2017PA006__2012WM006,Malarberget,0.21225825654744548,z_B,0.0038705522281653,0.0231365518351185,0.0204090184110238,1.9265999606953201,1.65384661828585,0.27275334240947013,0.1839042008078471,1.9246456157549905,0.5302892165572902,0.5302892165572902,0.8664171834782762
2023PA025__2021PA007,Pyrzyce III,0.18737010269176174,z_A,0.0375056148919542,0.028700839428084,0.0281143792398808,-0.8804775463870197,-0.9391235652073396,0.05864601882032,0.0844479069829925,0.2435062072383243,0.4998134816017346,0.2435062072383243,0.4507010764781178
2021PA007__2023PA025,Pyrzyce III,0.18396697912151058,z_A,0.0361222651810596,0.0286873807049667,0.0282784858287361,-0.7434884476092897,-0.7843779352323499,0.04088948762306019,0.0821868336493963,0.2369863844100024,0.5176639779784229,0.2369863844100024,0.4467477481114245
2024PA070__2024PA028,Bielice,0.17452428182486504,z_B,0.0105698599407985,0.0151669214994985,0.0152268178842494,0.4597061558699999,0.4656957943450899,-0.00598963847508998,-0.1494512443018891,0.0694642124979056,-0.4309438441657353,-0.4309438441657353,0.8563349623284129
2024PA028__2024PA070,Bielice,0.17396222023475508,z_B,0.0104269213546506,0.015164764370298,0.0152245860601336,0.47378430156474005,0.4797664705483,-0.005982168983559993,-0.1489959198501459,0.0791291467471647,-0.4296309125103756,-0.4296309125103756,0.8564843541838099
2022PA017__2023PA062,Doringbaai,0.12534023699880353,z_B,0.0798183680218268,0.0589401828262824,0.0563821171847519,-2.0878185195544408,-2.343625083707491,0.25580656415305003,-0.1014538671813717,0.283448104841253,-0.2925430278807495,-0.2925430278807495,0.8094277592784522
2024PA024__2023PA032,Pelczyce,0.10179088867407014,z_B,0.0443992511241345,0.0202867244448963,0.0177245108889901,-2.4112526679238204,-2.66747402351444,0.25622135559062004,-0.0793287568371183,0.022248253311657,-0.2287450973323512,-0.2287450973323512,0.7793306244837436
2023PA032__2024PA024,Pelczyce,0.10150140042522296,z_B,0.0428185255238148,0.0202255252228319,0.0176790791427083,-2.25930003009829,-2.51394463811065,0.25464460801235994,-0.0793941717111661,0.0676890435248633,-0.228933721638689,-0.228933721638689,0.7821977960753018
2020PA011__2019PA023,Herzhausen,0.08211188990321622,z_A,0.1799701962453477,0.2636250736322718,0.2690897517850147,8.365487738692407,8.911955553966699,-0.546467815274293,0.1738653860514686,0.5013422148632616,1.0681321221473188,0.5013422148632616,2.117420342612995
2016WM019__2015WM014,Courcelles-sous,0.0707690439842396,z_A,0.0078955382900578,0.0351148150672011,0.0395907736624519,2.72192767771433,3.16952353723941,-0.4475958595250802,-0.0511532423305344,-0.1475007785611543,0.3997362559577938,-0.1475007785611543,0.7228194624464098
2023PA038__2022PA005,Trzcinsko Zdroj,0.06549316079074313,z_A,0.0300437232164268,0.0183429628210689,0.0214599001238494,-1.17007603953579,-0.8583823092577402,-0.31169373027804986,0.0412651089074712,0.118988267682684,0.8301461868747536,0.118988267682684,0.6300674514598118
2015WM014__2016WM019,Courcelles-sous,0.06540312037095389,z_A,0.0080703573726523,0.0352525717285539,0.0394758669537718,2.71822143559016,3.1405509581119504,-0.4223295225217902,-0.0470184501019459,-0.135578072489767,0.3896992366741125,-0.135578072489767,0.7189022455697269
2019PA023__2020PA011,Herzhausen,0.0591109300056562,z_A,0.1640412405934514,0.1879294063662101,0.206420192381839,2.388816577275871,4.237895178838761,-1.8490786015628897,0.1072373211608115,0.3092196631412826,1.0837012476075616,0.3092196631412826,1.814170765889662
2023PA004__2023PA003,Sundern,0.05809451227132974,z_B,0.0343053255742524,0.0380428783743729,0.037190029043865,0.3737552800120503,0.2884703469612601,0.08528493305079016,0.0521912995105131,0.7624687454139978,0.1504940246441392,0.1504940246441392,0.8983860517970139
2023PA003__2023PA004,Sundern,0.05716686739316859,z_B,0.0351309239804123,0.0379525152090859,0.037114129878,0.2821591228673599,0.19832058975877004,0.08383853310858988,0.0513767449732509,0.7876092140410229,0.1481452501979303,0.1481452501979303,0.8987154153454697
2021PA009__2023PA004,Sundern,0.049733962544806894,z_B,0.0439623939155673,0.0430762753171732,0.0413171993886948,-0.08861185983940964,-0.2645194526872501,0.1759075928478404,0.0387594762328559,0.7819553970969599,0.1117632560616041,0.1117632560616041,0.7793361769220836
2023PA062__2022PA017,Doringbaai,0.04456777768013417,z_B,0.087386610505188,0.0682477116966626,0.0634196514191259,-1.91388988085254,-2.396695908606211,0.4828060277536711,0.0329066467781981,0.5088666524793696,0.0948865760699555,0.0948865760699555,0.7383506311302134
2014WM002__2012WM012,Mikolajki Pomorskie,0.039726045386443344,z_A,0.0153598823551404,0.0270755391652597,0.0385269968026226,1.1715656810119301,2.3167114447482198,-1.14514576373629,0.0200458838491908,0.0578024645162551,1.3088069263861717,0.0578024645162551,0.5046030546003336
2012WM012__2014WM002,Mikolajki Pomorskie,0.02669066024732086,z_A,0.0179415595772781,0.0268246044523547,0.0377407918109867,0.8883044875076601,1.9799232233708597,-1.0916187358631997,0.0133655314287056,0.0385396155121308,1.2488417531513456,0.0385396155121308,0.5007568679402451
2022PA005__2023PA038,Trzcinsko Zdroj,0.017832253627408416,z_A,0.0288801409314987,0.0176177455141103,0.0212806165079436,-1.12623954173884,-0.7599524423555101,-0.36628709938332993,-0.0105765372501436,-0.0304975287548099,0.7704176359105224,-0.0304975287548099,0.5931127647201764
2023PA004__2021PA009,Sundern,0.015603278114737815,z_B,0.0425880062257365,0.0404135686344559,0.0392175116463706,-0.21744375912805952,-0.3370494579365897,0.1196056988085302,-0.0115854219835971,0.8701359497425452,-0.0334066558576685,-0.0334066558576685,0.7424992298672344
2024PA013__2024PA094,Balverwald,0.01032024264055721,z_B,0.0999605924019551,0.0672557923655948,0.0602171620782765,-3.2704800036360298,-3.9743430323678592,0.7038630287318298,0.0088844391881117,0.0749889118899489,0.0256183506190667,0.0256183506190667,0.860875029546012
2019PA024__2019PA023,Herzhausen,0.004843550826594834,z_A,0.1478471081778485,0.1566288586324397,0.2103196806237166,0.8781750454591203,6.24725724458681,-5.369082199127689,0.0075025060828029,0.0216335355874921,1.1582715321598511,0.0216335355874921,1.5489681746722568
2019PA023__2019PA024,Herzhausen,0.0028347908003709277,z_A,0.1355354758864165,0.1378689522261628,0.1990426463240768,0.23334763397462877,6.35071704376603,-6.117369409791401,-0.0040605780618849,-0.0117087089351293,1.383004502843894,-0.0117087089351293,1.4324083672606742
2024PA094__2024PA013,Balverwald,0.0017492167657980875,z_B,0.1170627652025013,0.0651072282185975,0.0585728504712074,-5.1955536983903805,-5.848991473129391,0.6534377747390102,0.0014440723426845,0.0574806927065671,0.0041639940136786,0.0041639940136786,0.8255536826081333
