pair_id,group,A_magnitude,B_mismatch,min_AB,which_wins,cancellation_idx,opp_sign_sectors,opp_sign_weight,abs_e_overall
2019PA023__2019PA024,KEPT,0.0043270387296126854,0.010381006189938077,0.0043270387296126854,A,0.5831773288212926,6,0.6112138878611214,0.1355354758864165
2024PA049__2023PA032,KEPT,0.0028982140178597936,0.006803929960700398,0.0028982140178597936,A,0.5740382345791445,6,0.5452545474545255,0.004992597121221201
2023PA032__2024PA049,KEPT,0.002909914400855963,0.006806158938410619,0.002909914400855963,A,0.572458647059528,6,0.5477645223547765,0.0050670367982090445
2014WM002__2012WM012,KEPT,0.004553357533575328,0.009942795427954272,0.004553357533575328,A,0.5420445319860935,3,0.3187231872318723,0.015359882355140431
2012WM012__2014WM002,KEPT,0.004490125598744004,0.009602156978430207,0.004490125598744004,A,0.5323836499621499,3,0.30276697233027666,0.017941559577278197
2019PA024__2019PA023,KEPT,0.004434957499999985,0.009108704999999988,0.004434957499999985,A,0.5131077908440342,6,0.5385,0.14784710817784852
2022PA005__2023PA038,KEPT,0.004266734165316686,0.007234082318353666,0.004266734165316686,A,0.41018998989111444,6,0.3983620327593448,0.02888014093149872
2023PA031__2021PA007,KEPT,0.0030647484999999893,0.005129377000000018,0.0030647484999999893,A,0.40251057779531935,5,0.36787000000000003,0.053583860873799766
2021PA007__2023PA031,KEPT,0.0031121339999999843,0.005031322000000012,0.0031121339999999843,A,0.38144805679303034,5,0.3373300000000001,0.051123625689039394
2019PA023__2020PA011,KEPT,0.005417559999999993,0.008719942000000043,0.005417559999999993,A,0.3787160510930042,6,0.43368,0.16404124059345146
2023PA038__2022PA005,KEPT,0.004756898931010687,0.007500851991480112,0.004756898931010687,A,0.3658188514566293,6,0.4682053179468205,0.03004372321642684
2016WM019__2015WM014,KEPT,0.0038991695000000033,0.005720863000000003,0.0038991695000000033,A,0.3184298417913519,0,0.0,0.00789553829005783
2015WM014__2016WM019,KEPT,0.003936012360123604,0.005682910829108299,0.003936012360123604,A,0.3073950166588835,0,0.0,0.008070357372652362
2020PA011__2019PA023,KEPT,0.006132265499999987,0.00864064700000004,0.006132265499999987,A,0.2903001939553879,6,0.47129,0.17997019624534774
2021PA007__2023PA025,KEPT,0.005161531999999988,0.006177908000000004,0.005161531999999988,A,0.16451782707026638,3,0.22829,0.036122265181059605
2023PA025__2021PA007,KEPT,0.005184373999999986,0.006107369999999998,0.005184373999999986,A,0.15112822704372128,3,0.22076,0.037505614891954246
2018PA006__2018PA014,KEPT,0.0062824390000000025,0.007113346000000001,0.0062824390000000025,A,0.11680958581235872,1,0.10509,0.054552817655395096
2018PA014__2018PA006,KEPT,0.006894196058039422,0.00694567254327457,0.006894196058039422,A,0.007411303212817342,1,0.09005909940900592,0.055757694786604
2022PA021__2022PA020,OTHER_EXCL,0.0,0.0,0.0,B,0.0,0,0.0,0.015394157324670647
2023PA001__2023PA085,OTHER_EXCL,0.0,0.0,0.0,B,0.0,0,0.0,0.0005505108584223565
2022PA021__2021PA013,OTHER_EXCL,0.0,0.0,0.0,B,0.0,0,0.0,0.030530444370730866
2021PA013__2022PA020,KEPT,0.0,0.0,0.0,B,0.0,0,0.0,0.014927445693952117
2022PA020__2021PA013,KEPT,0.0,0.0,0.0,B,0.0,0,0.0,0.01492377688383131
2022PA020__2022PA021,OTHER_EXCL,0.0,0.0,0.0,B,0.0,0,0.0,0.015087024682230932
2021PA013__2022PA021,OTHER_EXCL,0.0,0.0,0.0,B,0.0,0,0.0,0.029421320720266066
2024KA001__2024KA002,KEPT,0.0,0.0,0.0,B,0.0,0,0.0,0.018480756228406996
2023PA085__2023PA001,OTHER_EXCL,0.0,0.0,0.0,B,0.0,0,0.0,0.005327710583998868
2024KA002__2024KA001,KEPT,0.0,0.0,0.0,B,0.0,0,0.0,0.018304545635832267
2024PA020__2023PA001,KEPT,0.0,0.0,0.0,B,0.0,0,0.0,0.0071583049674859844
2024PA020__2023PA085,OTHER_EXCL,0.0,0.0,0.0,B,0.0,0,0.0,0.0036861818134303523
2023PA001__2024PA020,KEPT,0.0,0.0,0.0,B,0.0,0,0.0,0.008170616424095273
2024PA013__2024PA094,KEPT,0.004610113000000003,0.004395408000000001,0.004395408000000001,B,-0.04884757000942859,4,0.4259400000000001,0.09996059240195514
2024PA094__2024PA013,KEPT,0.004552297999999998,0.004324472,0.004324472,B,-0.052682963376800174,4,0.42674999999999996,0.11706276520250132
2023PA009__2022PA028,KEPT,0.0009351759999999942,0.0008723759999999829,0.0008723759999999829,B,-0.0719873082249082,0,0.0,0.002067611332162055
2022PA028__2023PA009,KEPT,0.0009417600823991698,0.0008602703972960098,0.0008602703972960098,B,-0.09472566458092392,0,0.0,0.001900455882732864
2024PA107__2024PA061,OTHER_EXCL,0.005361062500000014,0.00472454300000008,0.00472454300000008,B,-0.13472615234953378,4,0.2225,0.05047798224366847
2024PA014__2024PA013,OTHER_EXCL,0.005076899500000005,0.004286644999999997,0.004286644999999997,B,-0.18435268140935598,5,0.3559,0.037138708850647725
2024PA061__2024PA107,OTHER_EXCL,0.0053657283145663055,0.004451743034860785,0.004451743034860785,B,-0.20530953214241468,4,0.1476029520590412,0.04645569164736748
2024PA024__2023PA032,KEPT,0.004436958130418684,0.003585131148688459,0.003585131148688459,B,-0.23759995001629072,2,0.09964900350996489,0.04439925112413459
2023PA032__2024PA024,KEPT,0.0045859669999999885,0.0035845539999999386,0.0035845539999999386,B,-0.27936892567389615,2,0.08862,0.04281852552381482
2024PA013__2024PA014,OTHER_EXCL,0.005261937000000005,0.0040444199999999965,0.0040444199999999965,B,-0.3010362425267428,5,0.35085000000000005,0.07100223317261549
2023PA062__2022PA017,KEPT,0.006161323499999994,0.004627931000000014,0.004627931000000014,B,-0.33133434789757576,0,0.0,0.08738661050518806
2023PA004__2023PA003,KEPT,0.007193605999999996,0.004818590000000043,0.004818590000000043,B,-0.4928860932347288,3,0.19672,0.03430532557425242
2011WM011__2014WM011,FOREST,0.01755059880239521,0.011715169660678674,0.011715169660678674,B,-0.4981088034348179,2,0.16666666666666666,0.028964395234551656
2023PA003__2023PA004,KEPT,0.007301993480065196,0.0048104628953710895,0.0048104628953710895,B,-0.5179398820624109,3,0.1913480865191348,0.03513092398041238
2024PA070__2024PA028,KEPT,0.004591833418334185,0.002984814848148495,0.002984814848148495,B,-0.538398075573276,0,0.0,0.010569859940798518
2024PA028__2024PA070,KEPT,0.004623833738337386,0.0029885988859888767,0.0029885988859888767,B,-0.5471576865048043,0,0.0,0.010426921354650618
2021PA009__2023PA004,KEPT,0.007277515724842733,0.00468541214587856,0.00468541214587856,B,-0.5532285097361757,3,0.1913480865191348,0.0439623939155673
2022PA017__2023PA062,KEPT,0.005325459754597545,0.003391798917989194,0.003391798917989194,B,-0.5700989013094885,0,0.0,0.07981836802182686
2014WM011__2011WM011,FOREST,0.01793078078078078,0.011239739739739772,0.011239739739739772,B,-0.595302132965218,2,0.12312312312312312,0.03744256613375561
2023PA046__2022PA018,OTHER_EXCL,0.01801152788472115,0.010008647913520833,0.010008647913520833,B,-0.799596512970459,1,0.15555844441555583,0.03981268427684137
2023PA004__2021PA009,KEPT,0.007666279499999974,0.004201449000000004,0.004201449000000004,B,-0.8246751299373067,3,0.25659,0.042588006225736524
2022PA018__2023PA046,OTHER_EXCL,0.017465089000000007,0.008477193999999976,0.008477193999999976,B,-1.0602441090766657,1,0.11954000000000002,0.056695744828435216
2012WM006__2017PA006,FOREST,0.014036163836163837,0.0062799200799200814,0.0062799200799200814,B,-1.2350863796888418,1,0.10189810189810188,0.004563875232445169
2017PA006__2012WM006,FOREST,0.01409195,0.006228100000000005,0.006228100000000005,B,-1.2626402915817005,1,0.1,0.0038705522281653137
2021PA009__2023PA003,KEPT,0.007047158999999977,0.00022626600000001272,0.00022626600000001272,B,-30.145461536419884,0,0.0,0.01053172364059954
2023VR137__2020PA013,KEPT,0.0015366486335136554,0.0,0.0,B,-1536648.6335136553,0,0.0,0.0018259747390347496
2020PA013__2023VR137,KEPT,0.0015515914840851497,0.0,0.0,B,-1551591.4840851496,0,0.0,0.0018267677603805328
